rank,gtype,run_time_ms,peak_mem_bytes,active_mem_bytes,to_offload,to_delete,to_prefetch,to_recompute,memory_size_bytes,recompute_ratio
0,forward,98.262,303526400,303526400,,,,,0,0.0
1,forward,21.929,355956224,355956224,,,,,52429824,2390889.871859182
2,forward,7.702,355956224,355956224,,,,,0,0.0
3,forward,2.506,394491392,394491392,,,,yes,38535168,15377162.011173185
4,forward,18.206,407336448,407336448,,,,,12845056,705539.7121827969
5,forward,1.279,420182528,420182528,,,,,12846080,10043846.755277561
6,forward,0.152,420182528,420182528,,,,,0,0.0
7,forward,8.438,433027584,433027584,,,,,12845056,1522286.7978193883
8,forward,1.031,445873664,445873664,,,,,12846080,12459825.412221145
9,forward,0.152,445873664,445873664,,,,,0,0.0
10,forward,3.445,498302464,498302464,,,,yes,52428800,15218809.869375909
11,forward,3.229,550733312,550733312,,,,yes,52430848,16237487.76711056
12,forward,2.803,603162112,603162112,,,,yes,52428800,18704530.85979308
13,forward,3.102,655592960,655592960,,,,yes,52430848,16902272.082527403
14,forward,3.162,708021760,708021760,,,,yes,52428800,16580898.1657179
15,forward,0.402,603164160,603164160,,,,,0,0.0
16,forward,2.939,616009216,616009216,,,,,12845056,4370553.249404559
17,forward,0.307,628855296,628855296,,,,yes,12846080,41843908.79478827
18,forward,0.136,628855296,628855296,,,,,0,0.0
19,forward,0.586,641700352,641700352,,,,yes,12845056,21919890.784982935
20,forward,0.285,655595008,655595008,,,,yes,13894656,48753178.94736843
21,forward,0.129,655595008,655595008,,,,,0,0.0
22,forward,0.375,708023808,708023808,,,,yes,52428800,139810133.33333334
23,forward,3.15,760454656,760454656,,,,yes,52430848,16644713.650793651
24,forward,3.125,812883456,812883456,,,,yes,52428800,16777216.0
25,forward,0.378,760454656,760454656,,,,,0,0.0
26,forward,0.366,773299712,773299712,,,,yes,12845056,35095781.42076503
27,forward,0.276,786145792,786145792,,,,yes,12846080,46543768.11594202
28,forward,0.13,786145792,786145792,,,,,0,0.0
29,forward,0.581,798990848,798990848,,,,yes,12845056,22108530.12048193
30,forward,0.254,812885504,812885504,,,,yes,13894656,54703370.07874016
31,forward,0.131,812885504,812885504,,,,,0,0.0
32,forward,4.44,865314304,865314304,,,,,52428800,11808288.288288288
33,forward,3.127,917745152,917745152,,,,yes,52430848,16767140.390150305
34,forward,3.104,970173952,970173952,,,,yes,52428800,16890721.649484534
35,forward,0.396,917745152,917745152,,,,,0,0.0
36,forward,1.88,943435264,943435264,,,,yes,25690112,13664953.191489363
37,forward,0.433,970174976,970174976,,,,yes,26739712,61754531.1778291
38,forward,0.218,970174976,970174976,,,,,0,0.0
39,forward,3.475,976597504,976597504,,,,,6422528,1848209.4964028776
40,forward,0.273,983021056,983021056,,,,yes,6423552,23529494.505494505
41,forward,0.099,983021056,983021056,,,,,0,0.0
42,forward,1.792,1008711168,1008711168,,,,yes,25690112,14336000.0
43,forward,1.751,1034405376,1034405376,,,,yes,25694208,14674019.417475728
44,forward,2.311,1060095488,1060095488,,,,,25690112,11116448.290783212
45,forward,1.788,1085789696,1085789696,,,,yes,25694208,14370362.416107383
46,forward,1.748,1111479808,1111479808,,,,yes,25690112,14696860.411899313
47,forward,0.271,1060099584,1060099584,,,,,0,0.0
48,forward,1.678,1066522112,1066522112,,,,,6422528,3827489.8688915377
49,forward,0.294,1072945664,1072945664,,,,yes,6423552,21848816.326530613
50,forward,0.137,1072945664,1072945664,,,,,0,0.0
51,forward,2.903,1079368192,1079368192,,,,,6422528,2212376.1625904236
52,forward,0.346,1085791744,1085791744,,,,yes,6423552,18565179.19075145
53,forward,0.131,1085791744,1085791744,,,,,0,0.0
54,forward,0.407,1111481856,1111481856,,,,yes,25690112,63120668.30466831
55,forward,2.203,1137176064,1137176064,,,,,25694208,11663280.980481163
56,forward,1.683,1162866176,1162866176,,,,yes,25690112,15264475.341651812
57,forward,0.254,1137176064,1137176064,,,,,0,0.0
58,forward,0.421,1143598592,1143598592,,,,yes,6422528,15255410.926365796
59,forward,0.255,1150022144,1150022144,,,,yes,6423552,25190400.0
60,forward,0.128,1150022144,1150022144,,,,,0,0.0
61,forward,0.588,1156444672,1156444672,,,,,6422528,10922666.666666668
62,forward,0.343,1162868224,1162868224,,,,yes,6423552,18727556.851311952
63,forward,0.111,1162868224,1162868224,,,,,0,0.0
64,forward,1.956,1188558336,1188558336,,,,,25690112,13134004.08997955
65,forward,1.873,1214252544,1214252544,,,,yes,25694208,13718210.357714895
66,forward,1.846,1239942656,1239942656,,,,yes,25690112,13916637.053087756
67,forward,0.266,1214252544,1214252544,,,,,0,0.0
68,forward,0.431,1220675072,1220675072,,,,yes,6422528,14901457.076566126
69,forward,0.242,1227098624,1227098624,,,,yes,6423552,26543603.305785123
70,forward,0.1,1227098624,1227098624,,,,,0,0.0
71,forward,0.551,1233521152,1233521152,,,,,6422528,11656130.67150635
72,forward,0.268,1239944704,1239944704,,,,yes,6423552,23968477.6119403
73,forward,0.091,1239944704,1239944704,,,,,0,0.0
74,forward,1.913,1265634816,1265634816,,,,,25690112,13429227.391531626
75,forward,1.81,1291329024,1291329024,,,,yes,25694208,14195695.027624309
76,forward,1.751,1317019136,1317019136,,,,yes,25690112,14671680.182752714
77,forward,0.233,1291329024,1291329024,,,,,0,0.0
78,forward,0.377,1297751552,1297751552,,,,yes,6422528,17035883.289124668
79,forward,0.206,1304175104,1304175104,,,,yes,6423552,31182291.262135923
80,forward,0.082,1304175104,1304175104,,,,,0,0.0
81,forward,0.528,1310597632,1310597632,,,,,6422528,12163878.787878787
82,forward,0.173,1317021184,1317021184,,,,yes,6423552,37130358.3815029
83,forward,0.081,1317021184,1317021184,,,,,0,0.0
84,forward,1.815,1342711296,1342711296,,,,yes,25690112,14154331.680440772
85,forward,1.68,1368405504,1368405504,,,,yes,25694208,15294171.42857143
86,forward,1.574,1394095616,1394095616,,,,yes,25690112,16321545.108005082
87,forward,0.214,1368405504,1368405504,,,,,0,0.0
88,forward,0.358,1374828032,1374828032,,,,yes,6422528,17940022.346368715
89,forward,0.183,1381251584,1381251584,,,,yes,6423552,35101377.04918033
90,forward,0.078,1381251584,1381251584,,,,,0,0.0
91,forward,0.522,1387674112,1387674112,,,,,6422528,12303693.486590037
92,forward,0.173,1394097664,1394097664,,,,yes,6423552,37130358.3815029
93,forward,0.08,1394097664,1394097664,,,,,0,0.0
94,forward,1.74,1419787776,1419787776,,,,yes,25690112,14764432.183908045
95,forward,1.806,1445481984,1445481984,,,,yes,25694208,14227136.212624585
96,forward,1.759,1471172096,1471172096,,,,yes,25690112,14604952.81409892
97,forward,0.217,1445481984,1445481984,,,,,0,0.0
98,forward,0.362,1451904512,1451904512,,,,yes,6422528,17741790.055248618
99,forward,0.191,1458328064,1458328064,,,,yes,6423552,33631162.30366492
100,forward,0.091,1458328064,1458328064,,,,,0,0.0
101,forward,0.522,1464750592,1464750592,,,,,6422528,12303693.486590037
102,forward,0.178,1471174144,1471174144,,,,yes,6423552,36087370.78651685
103,forward,0.081,1471174144,1471174144,,,,,0,0.0
104,forward,1.794,1496864256,1496864256,,,,yes,25690112,14320017.83723523
105,forward,1.718,1522558464,1522558464,,,,yes,25694208,14955883.58556461
106,forward,1.652,1548248576,1548248576,,,,yes,25690112,15550915.254237289
107,forward,0.22,1522558464,1522558464,,,,,0,0.0
108,forward,0.354,1528980992,1528980992,,,,yes,6422528,18142734.463276837
109,forward,0.186,1535404544,1535404544,,,,yes,6423552,34535225.80645161
110,forward,0.082,1535404544,1535404544,,,,,0,0.0
111,forward,0.521,1541827072,1541827072,,,,,6422528,12327309.021113243
112,forward,0.173,1548250624,1548250624,,,,yes,6423552,37130358.3815029
113,forward,0.105,1548250624,1548250624,,,,,0,0.0
114,forward,1.745,1573940736,1573940736,,,,yes,25690112,14722127.220630372
115,forward,1.697,1599634944,1599634944,,,,yes,25694208,15140959.340011785
116,forward,1.603,1625325056,1625325056,,,,yes,25690112,16026270.74235808
117,forward,0.208,1599634944,1599634944,,,,,0,0.0
118,forward,1.725,1612480000,1612480000,,,,,12845056,7446409.275362318
119,forward,0.242,1625327104,1625327104,,,,yes,12847104,53087206.61157025
120,forward,0.129,1625327104,1625327104,,,,,0,0.0
121,forward,2.707,1628669440,1628669440,,,,,3342336,1234701.1451791653
122,forward,0.227,1631882752,1631882752,,,,yes,3213312,14155559.471365638
123,forward,0.083,1631882752,1631882752,,,,,0,0.0
124,forward,1.232,1644727808,1644727808,,,,,12845056,10426181.818181818
125,forward,0.225,1657581056,1657581056,,,,yes,12853248,57125546.666666664
126,forward,3.51,1670426112,1670426112,,,,,12845056,3659560.1139601143
127,forward,0.28,1683279360,1683279360,,,,yes,12853248,45904457.14285714
128,forward,0.171,1696124416,1696124416,,,,yes,12845056,75117286.54970759
129,forward,0.142,1670434304,1670434304,,,,,0,0.0
130,forward,1.527,1674104320,1674104320,,,,,3670016,2403415.8480681074
131,forward,0.172,1677317632,1677317632,,,,yes,3213312,18682046.51162791
132,forward,0.081,1677317632,1677317632,,,,,0,0.0
133,forward,1.544,1680528896,1680528896,,,,,3211264,2079834.1968911916
134,forward,0.177,1683742208,1683742208,,,,yes,3213312,18154305.084745765
135,forward,0.079,1683742208,1683742208,,,,,0,0.0
136,forward,0.341,1696587264,1696587264,,,,yes,12845056,37668785.923753664
137,forward,1.129,1709440512,1709440512,,,,,12853248,11384630.646589903
138,forward,0.98,1722285568,1722285568,,,,,12845056,13107200.0
139,forward,0.128,1709440512,1709440512,,,,,0,0.0
140,forward,0.386,1712651776,1712651776,,,,,3211264,8319336.787564767
141,forward,0.154,1715865088,1715865088,,,,yes,3213312,20865662.33766234
142,forward,0.075,1715865088,1715865088,,,,,0,0.0
143,forward,0.513,1719076352,1719076352,,,,,3211264,6259773.8791423
144,forward,0.145,1722289664,1722289664,,,,yes,3213312,22160772.413793106
145,forward,0.075,1722289664,1722289664,,,,,0,0.0
146,forward,0.349,1735134720,1735134720,,,,yes,12845056,36805318.05157594
147,forward,1.065,1747987968,1747987968,,,,,12853248,12068777.464788733
148,forward,1.023,1760833024,1760833024,,,,,12845056,12556261.974584557
149,forward,0.133,1747987968,1747987968,,,,,0,0.0
150,forward,0.375,1751199232,1751199232,,,,,3211264,8563370.666666666
151,forward,0.15,1754412544,1754412544,,,,yes,3213312,21422080.0
152,forward,0.083,1754412544,1754412544,,,,,0,0.0
153,forward,1.617,1757623808,1757623808,,,,,3211264,1985939.393939394
154,forward,0.214,1760837120,1760837120,,,,yes,3213312,15015476.635514019
155,forward,0.094,1760837120,1760837120,,,,,0,0.0
156,forward,0.34,1773682176,1773682176,,,,yes,12845056,37779576.47058823
157,forward,1.212,1786535424,1786535424,,,,,12853248,10604990.099009901
158,forward,0.947,1799380480,1799380480,,,,yes,12845056,13563945.089757128
159,forward,0.126,1786535424,1786535424,,,,,0,0.0
160,forward,0.378,1789746688,1789746688,,,,,3211264,8495407.407407407
161,forward,0.15,1792960000,1792960000,,,,yes,3213312,21422080.0
162,forward,0.074,1792960000,1792960000,,,,,0,0.0
163,forward,0.517,1796171264,1796171264,,,,,3211264,6211342.3597678915
164,forward,0.145,1799384576,1799384576,,,,yes,3213312,22160772.413793106
165,forward,0.128,1799384576,1799384576,,,,,0,0.0
166,forward,1.174,1812229632,1812229632,,,,,12845056,10941274.275979558
167,forward,1.001,1825082880,1825082880,,,,,12853248,12840407.592407594
168,forward,0.994,1837927936,1837927936,,,,,12845056,12922591.549295776
169,forward,0.133,1825082880,1825082880,,,,,0,0.0
170,forward,0.393,1828294144,1828294144,,,,,3211264,8171155.216284987
171,forward,0.162,1831507456,1831507456,,,,yes,3213312,19835259.259259257
172,forward,0.082,1831507456,1831507456,,,,,0,0.0
173,forward,0.517,1834718720,1834718720,,,,,3211264,6211342.3597678915
174,forward,0.147,1837932032,1837932032,,,,yes,3213312,21859265.306122452
175,forward,0.072,1837932032,1837932032,,,,,0,0.0
176,forward,1.186,1850777088,1850777088,,,,,12845056,10830569.983136594
177,forward,1.032,1863630336,1863630336,,,,,12853248,12454697.674418604
178,forward,0.966,1876475392,1876475392,,,,,12845056,13297159.420289855
179,forward,0.126,1863630336,1863630336,,,,,0,0.0
180,forward,0.376,1866841600,1866841600,,,,,3211264,8540595.744680852
181,forward,0.148,1870054912,1870054912,,,,yes,3213312,21711567.56756757
182,forward,0.074,1870054912,1870054912,,,,,0,0.0
183,forward,0.52,1873266176,1873266176,,,,,3211264,6175507.692307692
184,forward,0.145,1876479488,1876479488,,,,yes,3213312,22160772.413793106
185,forward,0.086,1876479488,1876479488,,,,,0,0.0
186,forward,1.159,1889324544,1889324544,,,,,12845056,11082878.343399482
187,forward,1.001,1902177792,1902177792,,,,,12853248,12840407.592407594
188,forward,0.978,1915022848,1915022848,,,,,12845056,13134004.08997955
189,forward,0.127,1902177792,1902177792,,,,,0,0.0
190,forward,0.379,1905389056,1905389056,,,,,3211264,8472992.084432717
191,forward,0.154,1908602368,1908602368,,,,yes,3213312,20865662.33766234
192,forward,0.074,1908602368,1908602368,,,,,0,0.0
193,forward,0.513,1911813632,1911813632,,,,,3211264,6259773.8791423
194,forward,0.206,1915026944,1915026944,,,,yes,3213312,15598601.941747574
195,forward,0.102,1915026944,1915026944,,,,,0,0.0
196,forward,1.391,1927872000,1927872000,,,,,12845056,9234404.02588066
197,forward,0.999,1940725248,1940725248,,,,,12853248,12866114.114114115
198,forward,0.935,1953570304,1953570304,,,,yes,12845056,13738027.807486631
199,forward,0.134,1940725248,1940725248,,,,,0,0.0
200,forward,0.388,1943936512,1943936512,,,,,3211264,8276453.608247423
201,forward,0.15,1947149824,1947149824,,,,yes,3213312,21422080.0
202,forward,0.074,1947149824,1947149824,,,,,0,0.0
203,forward,0.521,1950361088,1950361088,,,,,3211264,6163654.5105566215
204,forward,0.146,1953574400,1953574400,,,,yes,3213312,22008986.301369864
205,forward,0.075,1953574400,1953574400,,,,,0,0.0
206,forward,1.136,1966419456,1966419456,,,,,12845056,11307267.605633805
207,forward,1.138,1979272704,1979272704,,,,,12853248,11294594.02460457
208,forward,0.958,1992117760,1992117760,,,,,12845056,13408200.417536534
209,forward,0.13,1979272704,1979272704,,,,,0,0.0
210,forward,0.386,1982483968,1982483968,,,,,3211264,8319336.787564767
211,forward,0.159,1985697280,1985697280,,,,yes,3213312,20209509.433962263
212,forward,0.076,1985697280,1985697280,,,,,0,0.0
213,forward,0.526,1988908544,1988908544,,,,,3211264,6105064.63878327
214,forward,0.146,1992121856,1992121856,,,,yes,3213312,22008986.301369864
215,forward,0.074,1992121856,1992121856,,,,,0,0.0
216,forward,1.187,2004966912,2004966912,,,,,12845056,10821445.661331085
217,forward,1.063,2017820160,2017820160,,,,,12853248,12091484.477892756
218,forward,1.017,2030665216,2030665216,,,,,12845056,12630340.216322519
219,forward,0.144,2017820160,2017820160,,,,,0,0.0
220,forward,0.409,2021031424,2021031424,,,,,3211264,7851501.222493888
221,forward,0.172,2024244736,2024244736,,,,yes,3213312,18682046.51162791
222,forward,0.078,2024244736,2024244736,,,,,0,0.0
223,forward,0.524,2027456000,2027456000,,,,,3211264,6128366.41221374
224,forward,0.184,2030669312,2030669312,,,,yes,3213312,17463652.173913043
225,forward,0.074,2030669312,2030669312,,,,,0,0.0
226,forward,1.213,2043514368,2043514368,,,,,12845056,10589493.816982687
227,forward,0.99,2056367616,2056367616,,,,,12853248,12983078.787878787
228,forward,0.959,2069212672,2069212672,,,,,12845056,13394218.97810219
229,forward,0.126,2056367616,2056367616,,,,,0,0.0
230,forward,0.379,2059578880,2059578880,,,,,3211264,8472992.084432717
231,forward,0.146,2062792192,2062792192,,,,yes,3213312,22008986.301369864
232,forward,0.076,2062792192,2062792192,,,,,0,0.0
233,forward,0.514,2066003456,2066003456,,,,,3211264,6247595.3307393
234,forward,0.14,2069216768,2069216768,,,,yes,3213312,22952228.57142857
235,forward,0.074,2069216768,2069216768,,,,,0,0.0
236,forward,1.17,2082061824,2082061824,,,,,12845056,10978680.341880342
237,forward,0.999,2094915072,2094915072,,,,,12853248,12866114.114114115
238,forward,0.963,2107760128,2107760128,,,,,12845056,13338583.592938734
239,forward,0.127,2094915072,2094915072,,,,,0,0.0
240,forward,0.38,2098126336,2098126336,,,,,3211264,8450694.736842105
241,forward,0.143,2101339648,2101339648,,,,yes,3213312,22470713.286713287
242,forward,0.087,2101339648,2101339648,,,,,0,0.0
243,forward,0.52,2104550912,2104550912,,,,,3211264,6175507.692307692
244,forward,0.147,2107764224,2107764224,,,,yes,3213312,21859265.306122452
245,forward,0.074,2107764224,2107764224,,,,,0,0.0
246,forward,1.143,2120609280,2120609280,,,,,12845056,11238019.247594051
247,forward,1.02,2133462528,2133462528,,,,,12853248,12601223.529411765
248,forward,0.95,2146307584,2146307584,,,,,12845056,13521111.578947369
249,forward,0.127,2133462528,2133462528,,,,,0,0.0
250,forward,0.377,2136673792,2136673792,,,,,3211264,8517941.644562334
251,forward,0.148,2139887104,2139887104,,,,yes,3213312,21711567.56756757
252,forward,0.075,2139887104,2139887104,,,,,0,0.0
253,forward,0.523,2143098368,2143098368,,,,,3211264,6140084.13001912
254,forward,0.188,2146311680,2146311680,,,,yes,3213312,17092085.106382977
255,forward,0.073,2146311680,2146311680,,,,,0,0.0
256,forward,1.166,2159156736,2159156736,,,,,12845056,11016343.053173242
257,forward,0.981,2172009984,2172009984,,,,,12853248,13102189.602446483
258,forward,0.947,2184855040,2184855040,,,,yes,12845056,13563945.089757128
259,forward,0.125,2172009984,2172009984,,,,,0,0.0
260,forward,0.376,2175221248,2175221248,,,,,3211264,8540595.744680852
261,forward,0.183,2178434560,2178434560,,,,yes,3213312,17559081.967213117
262,forward,0.077,2178434560,2178434560,,,,,0,0.0
263,forward,0.513,2181645824,2181645824,,,,,3211264,6259773.8791423
264,forward,0.145,2184859136,2184859136,,,,yes,3213312,22160772.413793106
265,forward,0.073,2184859136,2184859136,,,,,0,0.0
266,forward,1.19,2197704192,2197704192,,,,,12845056,10794164.705882354
267,forward,1.005,2210557440,2210557440,,,,,12853248,12789301.492537314
268,forward,0.984,2223402496,2223402496,,,,,12845056,13053918.699186992
269,forward,0.128,2210557440,2210557440,,,,,0,0.0
270,forward,0.373,2213768704,2213768704,,,,,3211264,8609286.863270778
271,forward,0.147,2216982016,2216982016,,,,yes,3213312,21859265.306122452
272,forward,0.074,2216982016,2216982016,,,,,0,0.0
273,forward,0.513,2220193280,2220193280,,,,,3211264,6259773.8791423
274,forward,0.145,2223406592,2223406592,,,,yes,3213312,22160772.413793106
275,forward,0.102,2223406592,2223406592,,,,,0,0.0
276,forward,1.172,2236251648,2236251648,,,,,12845056,10959945.392491467
277,forward,0.979,2249104896,2249104896,,,,,12853248,13128956.077630235
278,forward,0.959,2261949952,2261949952,,,,,12845056,13394218.97810219
279,forward,0.125,2249104896,2249104896,,,,,0,0.0
280,forward,0.38,2252316160,2252316160,,,,,3211264,8450694.736842105
281,forward,0.148,2255529472,2255529472,,,,yes,3213312,21711567.56756757
282,forward,0.074,2255529472,2255529472,,,,,0,0.0
283,forward,0.513,2258740736,2258740736,,,,,3211264,6259773.8791423
284,forward,0.152,2261954048,2261954048,,,,yes,3213312,21140210.52631579
285,forward,0.073,2261954048,2261954048,,,,,0,0.0
286,forward,1.16,2274799104,2274799104,,,,,12845056,11073324.137931036
287,forward,1.01,2287652352,2287652352,,,,,12853248,12725988.118811881
288,forward,0.99,2300497408,2300497408,,,,,12845056,12974804.04040404
289,forward,0.125,2287652352,2287652352,,,,,0,0.0
290,forward,0.372,2290863616,2290863616,,,,,3211264,8632430.107526882
291,forward,0.842,2294076928,2294076928,,,,,3213312,3816285.0356294536
292,forward,0.126,2294076928,2294076928,,,,,0,0.0
293,forward,0.522,2297288192,2297288192,,,,,3211264,6151846.743295019
294,forward,0.151,2300501504,2300501504,,,,yes,3213312,21280211.9205298
295,forward,0.092,2300501504,2300501504,,,,,0,0.0
296,forward,1.205,2313346560,2313346560,,,,,12845056,10659797.510373443
297,forward,1.004,2326199808,2326199808,,,,,12853248,12802039.840637451
298,forward,0.996,2339044864,2339044864,,,,,12845056,12896642.570281124
299,forward,0.126,2326199808,2326199808,,,,,0,0.0
300,forward,0.374,2329411072,2329411072,,,,,3211264,8586267.379679145
301,forward,0.148,2332624384,2332624384,,,,yes,3213312,21711567.56756757
302,forward,0.074,2332624384,2332624384,,,,,0,0.0
303,forward,0.517,2335835648,2335835648,,,,,3211264,6211342.3597678915
304,forward,0.147,2339048960,2339048960,,,,yes,3213312,21859265.306122452
305,forward,0.102,2339048960,2339048960,,,,,0,0.0
306,forward,1.179,2351894016,2351894016,,,,,12845056,10894873.621713316
307,forward,1.08,2364747264,2364747264,,,,,12853248,11901155.555555554
308,forward,0.97,2377592320,2377592320,,,,,12845056,13242325.773195876
309,forward,0.144,2364747264,2364747264,,,,,0,0.0
310,forward,0.396,2367958528,2367958528,,,,,3211264,8109252.525252525
311,forward,0.161,2371171840,2371171840,,,,yes,3213312,19958459.627329193
312,forward,0.092,2371171840,2371171840,,,,,0,0.0
313,forward,0.521,2374383104,2374383104,,,,,3211264,6163654.5105566215
314,forward,0.17,2377596416,2377596416,,,,yes,3213312,18901835.294117644
315,forward,0.073,2377596416,2377596416,,,,,0,0.0
316,forward,1.236,2390441472,2390441472,,,,,12845056,10392440.129449839
317,forward,1.009,2403294720,2403294720,,,,,12853248,12738600.594648167
318,forward,0.954,2416139776,2416139776,,,,,12845056,13464419.28721174
319,forward,0.127,2403294720,2403294720,,,,,0,0.0
320,forward,0.381,2406505984,2406505984,,,,,3211264,8428514.435695538
321,forward,0.15,2409719296,2409719296,,,,yes,3213312,21422080.0
322,forward,0.075,2409719296,2409719296,,,,,0,0.0
323,forward,0.517,2412930560,2412930560,,,,,3211264,6211342.3597678915
324,forward,0.145,2416143872,2416143872,,,,yes,3213312,22160772.413793106
325,forward,0.073,2416143872,2416143872,,,,,0,0.0
326,forward,1.171,2428988928,2428988928,,,,,12845056,10969304.8676345
327,forward,1.035,2441842176,2441842176,,,,,12853248,12418597.101449277
328,forward,0.994,2454687232,2454687232,,,,,12845056,12922591.549295776
329,forward,0.129,2441842176,2441842176,,,,,0,0.0
330,forward,0.383,2445053440,2445053440,,,,,3211264,8384501.305483028
331,forward,0.153,2448266752,2448266752,,,,yes,3213312,21002039.215686277
332,forward,0.074,2448266752,2448266752,,,,,0,0.0
333,forward,0.52,2451478016,2451478016,,,,,3211264,6175507.692307692
334,forward,0.157,2454691328,2454691328,,,,yes,3213312,20466955.414012738
335,forward,0.074,2454691328,2454691328,,,,,0,0.0
336,forward,1.184,2467536384,2467536384,,,,,12845056,10848864.864864865
337,forward,0.998,2480389632,2480389632,,,,,12853248,12879006.012024049
338,forward,0.985,2493234688,2493234688,,,,,12845056,13040665.989847716
339,forward,0.126,2480389632,2480389632,,,,,0,0.0
340,forward,0.379,2483600896,2483600896,,,,,3211264,8472992.084432717
341,forward,0.147,2486814208,2486814208,,,,yes,3213312,21859265.306122452
342,forward,0.074,2486814208,2486814208,,,,,0,0.0
343,forward,0.518,2490025472,2490025472,,,,,3211264,6199351.3513513515
344,forward,0.146,2493238784,2493238784,,,,yes,3213312,22008986.301369864
345,forward,0.073,2493238784,2493238784,,,,,0,0.0
346,forward,1.171,2506083840,2506083840,,,,,12845056,10969304.8676345
347,forward,0.98,2518937088,2518937088,,,,,12853248,13115559.18367347
348,forward,0.949,2531782144,2531782144,,,,,12845056,13535359.325605901
349,forward,0.126,2518937088,2518937088,,,,,0,0.0
350,forward,0.373,2522148352,2522148352,,,,,3211264,8609286.863270778
351,forward,0.145,2525361664,2525361664,,,,yes,3213312,22160772.413793106
352,forward,0.073,2525361664,2525361664,,,,,0,0.0
353,forward,0.518,2528572928,2528572928,,,,,3211264,6199351.3513513515
354,forward,0.14,2531786240,2531786240,,,,yes,3213312,22952228.57142857
355,forward,0.113,2531786240,2531786240,,,,,0,0.0
356,forward,1.208,2544631296,2544631296,,,,,12845056,10633324.503311258
357,forward,0.998,2557484544,2557484544,,,,,12853248,12879006.012024049
358,forward,0.995,2570329600,2570329600,,,,,12845056,12909604.020100502
359,forward,0.127,2557484544,2557484544,,,,,0,0.0
360,forward,0.38,2560695808,2560695808,,,,,3211264,8450694.736842105
361,forward,0.156,2563909120,2563909120,,,,yes,3213312,20598153.846153848
362,forward,0.074,2563909120,2563909120,,,,,0,0.0
363,forward,0.514,2567120384,2567120384,,,,,3211264,6247595.3307393
364,forward,0.145,2570333696,2570333696,,,,yes,3213312,22160772.413793106
365,forward,0.074,2570333696,2570333696,,,,,0,0.0
366,forward,1.104,2583178752,2583178752,,,,,12845056,11635014.492753623
367,forward,0.943,2596032000,2596032000,,,,yes,12853248,13630167.550371157
368,forward,0.906,2608877056,2608877056,,,,yes,12845056,14177766.004415011
369,forward,0.124,2596032000,2596032000,,,,,0,0.0
370,forward,0.35,2599243264,2599243264,,,,,3211264,9175040.0
371,forward,0.167,2602456576,2602456576,,,,yes,3213312,19241389.221556883
372,forward,0.074,2602456576,2602456576,,,,,0,0.0
373,forward,0.484,2605667840,2605667840,,,,,3211264,6634842.975206612
374,forward,0.178,2608881152,2608881152,,,,yes,3213312,18052314.606741574
375,forward,0.077,2608881152,2608881152,,,,,0,0.0
376,forward,1.106,2621726208,2621726208,,,,,12845056,11613974.683544302
377,forward,0.935,2634579456,2634579456,,,,yes,12853248,13746789.304812834
378,forward,0.918,2647424512,2647424512,,,,yes,12845056,13992435.729847495
379,forward,0.13,2634579456,2634579456,,,,,0,0.0
380,forward,0.35,2637790720,2637790720,,,,,3211264,9175040.0
381,forward,0.151,2641004032,2641004032,,,,yes,3213312,21280211.9205298
382,forward,0.075,2641004032,2641004032,,,,,0,0.0
383,forward,0.486,2644215296,2644215296,,,,,3211264,6607539.094650206
384,forward,0.145,2647428608,2647428608,,,,yes,3213312,22160772.413793106
385,forward,0.074,2647428608,2647428608,,,,,0,0.0
386,forward,1.113,2660273664,2660273664,,,,,12845056,11540930.817610063
387,forward,0.938,2673126912,2673126912,,,,yes,12853248,13702823.027718551
388,forward,0.937,2685971968,2685971968,,,,yes,12845056,13708704.37566702
389,forward,0.132,2673126912,2673126912,,,,,0,0.0
390,forward,0.347,2676338176,2676338176,,,,,3211264,9254363.112391932
391,forward,0.145,2679551488,2679551488,,,,yes,3213312,22160772.413793106
392,forward,0.072,2679551488,2679551488,,,,,0,0.0
393,forward,0.482,2682762752,2682762752,,,,,3211264,6662373.443983403
394,forward,0.144,2685976064,2685976064,,,,yes,3213312,22314666.666666668
395,forward,0.073,2685976064,2685976064,,,,,0,0.0
396,forward,1.08,2698821120,2698821120,,,,,12845056,11893570.37037037
397,forward,0.935,2711674368,2711674368,,,,yes,12853248,13746789.304812834
398,forward,0.941,2724519424,2724519424,,,,yes,12845056,13650431.455897981
399,forward,0.126,2711674368,2711674368,,,,,0,0.0
400,forward,0.353,2714885632,2714885632,,,,,3211264,9097065.155807367
401,forward,0.146,2718098944,2718098944,,,,yes,3213312,22008986.301369864
402,forward,0.073,2718098944,2718098944,,,,,0,0.0
403,forward,0.482,2721310208,2721310208,,,,,3211264,6662373.443983403
404,forward,0.153,2724523520,2724523520,,,,yes,3213312,21002039.215686277
405,forward,0.073,2724523520,2724523520,,,,,0,0.0
406,forward,1.698,2737368576,2737368576,,,,,12845056,7564815.07656066
407,forward,1.183,2750221824,2750221824,,,,,12853248,10864960.270498732
408,forward,0.963,2763066880,2763066880,,,,,12845056,13338583.592938734
409,forward,0.153,2750221824,2750221824,,,,,0,0.0
410,forward,0.435,2753433088,2753433088,,,,,3211264,7382216.091954023
411,forward,0.159,2756646400,2756646400,,,,yes,3213312,20209509.433962263
412,forward,0.077,2756646400,2756646400,,,,,0,0.0
413,forward,0.489,2759857664,2759857664,,,,,3211264,6567002.044989775
414,forward,0.148,2763070976,2763070976,,,,yes,3213312,21711567.56756757
415,forward,0.072,2763070976,2763070976,,,,,0,0.0
416,forward,1.091,2775916032,2775916032,,,,,12845056,11773653.528872594
417,forward,0.943,2788769280,2788769280,,,,yes,12853248,13630167.550371157
418,forward,0.943,2801614336,2801614336,,,,yes,12845056,13621480.38176034
419,forward,0.132,2788769280,2788769280,,,,,0,0.0
420,forward,0.353,2791980544,2791980544,,,,,3211264,9097065.155807367
421,forward,0.154,2795193856,2795193856,,,,yes,3213312,20865662.33766234
422,forward,0.075,2795193856,2795193856,,,,,0,0.0
423,forward,0.48,2798405120,2798405120,,,,,3211264,6690133.333333334
424,forward,0.145,2801618432,2801618432,,,,yes,3213312,22160772.413793106
425,forward,0.073,2801618432,2801618432,,,,,0,0.0
426,forward,1.073,2814463488,2814463488,,,,,12845056,11971161.230195714
427,forward,1.303,2827316736,2827316736,,,,,12853248,9864349.961627016
428,forward,0.922,2840161792,2840161792,,,,yes,12845056,13931731.019522777
429,forward,0.126,2827316736,2827316736,,,,,0,0.0
430,forward,0.353,2830528000,2830528000,,,,,3211264,9097065.155807367
431,forward,0.146,2833741312,2833741312,,,,yes,3213312,22008986.301369864
432,forward,0.074,2833741312,2833741312,,,,,0,0.0
433,forward,0.481,2836952576,2836952576,,,,,3211264,6676224.532224532
434,forward,0.144,2840165888,2840165888,,,,yes,3213312,22314666.666666668
435,forward,0.073,2840165888,2840165888,,,,,0,0.0
436,forward,1.116,2853010944,2853010944,,,,,12845056,11509906.810035842
437,forward,0.918,2865864192,2865864192,,,,yes,12853248,14001359.477124183
438,forward,0.899,2878709248,2878709248,,,,yes,12845056,14288160.177975528
439,forward,0.125,2865864192,2865864192,,,,,0,0.0
440,forward,0.353,2869075456,2869075456,,,,,3211264,9097065.155807367
441,forward,0.145,2872288768,2872288768,,,,yes,3213312,22160772.413793106
442,forward,0.074,2872288768,2872288768,,,,,0,0.0
443,forward,0.481,2875500032,2875500032,,,,,3211264,6676224.532224532
444,forward,0.144,2878713344,2878713344,,,,yes,3213312,22314666.666666668
445,forward,0.074,2878713344,2878713344,,,,,0,0.0
446,forward,1.089,2891558400,2891558400,,,,,12845056,11795276.40036731
447,forward,0.935,2904411648,2904411648,,,,yes,12853248,13746789.304812834
448,forward,0.909,2917256704,2917256704,,,,yes,12845056,14130974.697469747
449,forward,0.125,2904411648,2904411648,,,,,0,0.0
450,forward,0.345,2907622912,2907622912,,,,,3211264,9308011.594202898
451,forward,0.145,2910836224,2910836224,,,,yes,3213312,22160772.413793106
452,forward,0.074,2910836224,2910836224,,,,,0,0.0
453,forward,0.492,2914047488,2914047488,,,,,3211264,6526959.349593496
454,forward,0.146,2917260800,2917260800,,,,yes,3213312,22008986.301369864
455,forward,0.074,2917260800,2917260800,,,,,0,0.0
456,forward,1.086,2930105856,2930105856,,,,,12845056,11827860.03683241
457,forward,0.935,2942959104,2942959104,,,,yes,12853248,13746789.304812834
458,forward,0.89,2955804160,2955804160,,,,yes,12845056,14432647.191011235
459,forward,0.126,2942959104,2942959104,,,,,0,0.0
460,forward,0.347,2946170368,2946170368,,,,,3211264,9254363.112391932
461,forward,0.146,2949383680,2949383680,,,,yes,3213312,22008986.301369864
462,forward,0.075,2949383680,2949383680,,,,,0,0.0
463,forward,0.48,2952594944,2952594944,,,,,3211264,6690133.333333334
464,forward,0.144,2955808256,2955808256,,,,yes,3213312,22314666.666666668
465,forward,0.075,2955808256,2955808256,,,,,0,0.0
466,forward,1.098,2968653312,2968653312,,,,,12845056,11698593.806921674
467,forward,0.934,2981506560,2981506560,,,,yes,12853248,13761507.49464668
468,forward,0.956,2994351616,2994351616,,,,,12845056,13436251.046025105
469,forward,0.131,2981506560,2981506560,,,,,0,0.0
470,forward,0.34,2984717824,2984717824,,,,,3211264,9444894.117647057
471,forward,0.151,2987931136,2987931136,,,,yes,3213312,21280211.9205298
472,forward,0.074,2987931136,2987931136,,,,,0,0.0
473,forward,0.485,2991142400,2991142400,,,,,3211264,6621162.886597938
474,forward,0.147,2994355712,2994355712,,,,yes,3213312,21859265.306122452
475,forward,0.075,2994355712,2994355712,,,,,0,0.0
476,forward,1.111,3007200768,3007200768,,,,,12845056,11561706.570657065
477,forward,1.029,3020054016,3020054016,,,,,12853248,12491008.746355686
478,forward,0.946,3032899072,3032899072,,,,yes,12845056,13578283.298097253
479,forward,0.128,3020054016,3020054016,,,,,0,0.0
480,forward,1.708,3026476544,3026476544,,,,,6422528,3760262.2950819675
481,forward,0.171,3032903168,3032903168,,,,yes,6426624,37582596.49122807
482,forward,0.088,3032903168,3032903168,,,,,0,0.0
483,forward,2.616,3034607104,3034607104,,,,,1703936,651351.6819571865
484,forward,0.163,3036315136,3036315136,,,,,1708032,10478723.926380368
485,forward,0.082,3036315136,3036315136,,,,,0,0.0
486,forward,1.283,3042737664,3042737664,,,,,6422528,5005867.498051442
487,forward,0.212,3049176576,3049176576,,,,yes,6438912,30372226.415094342
488,forward,2.568,3055599104,3055599104,,,,,6422528,2500984.4236760125
489,forward,1.282,3062038016,3062038016,,,,,6438912,5022552.262090484
490,forward,0.1,3068460544,3068460544,,,,yes,6422528,64225280.0
491,forward,0.126,3055615488,3055615488,,,,,0,0.0
492,forward,1.281,3057450496,3057450496,,,,,1835008,1432480.87431694
493,forward,0.159,3059289600,3059289600,,,,,1839104,11566691.823899372
494,forward,0.078,3059289600,3059289600,,,,,0,0.0
495,forward,2.313,3061124608,3061124608,,,,,1835008,793345.438824038
496,forward,0.158,3062963712,3062963712,,,,,1839104,11639898.734177215
497,forward,0.079,3062963712,3062963712,,,,,0,0.0
498,forward,0.355,3069386240,3069386240,,,,yes,6422528,18091628.169014085
499,forward,0.212,3075825152,3075825152,,,,yes,6438912,30372226.415094342
500,forward,0.1,3082247680,3082247680,,,,yes,6422528,64225280.0
501,forward,0.083,3075825152,3075825152,,,,,0,0.0
502,forward,0.354,3077529088,3077529088,,,,,1703936,4813378.531073446
503,forward,0.142,3079368192,3079368192,,,,,1839104,12951436.619718311
504,forward,0.073,3079368192,3079368192,,,,,0,0.0
505,forward,0.542,3081203200,3081203200,,,,,1835008,3385623.616236162
506,forward,0.144,3083042304,3083042304,,,,,1839104,12771555.555555556
507,forward,0.075,3083042304,3083042304,,,,,0,0.0
508,forward,0.354,3089464832,3089464832,,,,yes,6422528,18142734.463276837
509,forward,0.205,3095903744,3095903744,,,,yes,6438912,31409326.829268295
510,forward,0.098,3102326272,3102326272,,,,yes,6422528,65536000.0
511,forward,0.083,3095903744,3095903744,,,,,0,0.0
512,forward,4.127,3096034816,3096034816,,,,,131072,31759.631693724255
513,forward,0.096,3096034816,3096034816,,,,,0,0.0
514,forward,7.838,3104618496,3104618496,,,,,8583680,1095136.514416943
